{"cameraMode":{"drawMode":0,"name":"Shaded","section":"Shading Mode"},"sceneLighting":true,"audioPlay":false,"sceneViewState":{"m_AlwaysRefresh":false,"showFog":true,"showSkybox":true,"showFlares":true,"showImageEffects":true,"showParticleSystems":true,"showVisualEffectGraphs":true,"m_FxEnabled":true},"in2DMode":false,"pivot":{"x":19.654586791992189,"y":1.1935162544250489,"z":9.750123023986817},"rotation":{"x":-0.06425575911998749,"y":-0.5188425183296204,"z":0.039142221212387088,"w":-0.8515591621398926},"size":18.23741912841797,"orthographic":false}