{"cameraMode":{"drawMode":0,"name":"Shaded","section":"Shading Mode"},"sceneLighting":true,"audioPlay":false,"sceneViewState":{"m_AlwaysRefresh":false,"showFog":true,"showSkybox":true,"showFlares":true,"showImageEffects":true,"showParticleSystems":true,"showVisualEffectGraphs":true,"m_FxEnabled":true},"in2DMode":false,"pivot":{"x":0.18032324314117433,"y":0.272062748670578,"z":12.177327156066895},"rotation":{"x":0.013809464871883393,"y":0.002125237137079239,"z":-0.000029863595045753755,"w":0.9999068379402161},"size":12.472671508789063,"orthographic":false}